,price
4237,74.0
6356,170.0
4158,71.0
5357,249.0
570,310.0
5404,230.0
5797,200.0
2261,80.0
1902,565.0
883,325.0
3224,55.0
4409,130.0
5572,375.0
6219,100.0
2417,198.0
892,259.0
815,90.0
5072,170.0
5478,360.0
280,99.0
2830,1500.0
4943,899.0
7084,109.0
166,80.0
4662,110.0
4610,145.0
5511,135.0
1734,300.0
6688,125.0
2687,140.0
3907,80.0
3748,1500.0
3961,90.0
4651,325.0
454,129.0
7137,199.0
4487,80.0
6439,218.0
645,166.0
3822,140.0
5790,242.0
18,107.0
2497,325.0
3950,279.0
5903,200.0
4968,350.0
2546,400.0
2007,175.0
5641,121.0
2192,140.0
4125,71.0
935,198.0
6724,260.0
2284,185.0
4839,125.0
7068,188.0
101,40.0
6409,200.0
140,90.0
4664,95.0
2597,275.0
3879,150.0
5254,172.0
5880,70.0
1507,350.0
5396,400.0
6553,200.0
4948,400.0
6823,200.0
781,169.0
294,286.0
2042,135.0
5110,250.0
658,130.0
873,90.0
6295,164.0
1722,300.0
2216,400.0
6703,900.0
3977,150.0
1970,475.0
2741,220.0
4826,175.0
457,50.0
2957,100.0
1885,70.0
466,57.0
1071,585.0
4005,63.0
3234,172.0
5376,344.0
319,350.0
339,60.0
5261,137.0
3864,65.0
5931,80.0
5218,83.0
6535,164.0
3734,258.0
4606,129.0
1916,275.0
5846,208.0
502,360.0
5580,129.0
2114,599.0
2536,90.0
6355,164.0
2887,49.0
6801,125.0
1461,62.0
5210,69.0
5134,225.0
6790,550.0
5308,164.0
2699,45.0
575,298.0
5050,176.0
434,178.0
1680,129.0
2405,153.0
2935,69.0
4516,428.0
1269,200.0
6842,300.0
2521,69.0
5807,215.0
5856,350.0
4443,199.0
804,699.0
1275,122.0
335,135.0
4419,200.0
3319,100.0
4844,235.0
4284,199.0
6663,172.0
3997,110.0
1559,99.0
603,150.0
7022,320.0
1954,80.0
684,90.0
546,165.0
5628,125.0
3628,180.0
1597,125.0
324,300.0
1026,333.0
4002,113.0
770,95.0
6670,1200.0
2735,249.0
1004,179.0
914,65.0
6261,147.0
2433,225.0
7007,920.0
2948,119.0
2037,133.0
7001,204.0
563,230.0
786,139.0
3067,35.0
3465,175.0
1025,125.0
2071,250.0
5342,172.0
3164,90.0
4361,350.0
868,180.0
6960,138.0
3392,134.0
6903,165.0
4785,8000.0
5533,60.0
1247,199.0
5799,175.0
4407,223.0
3615,100.0
697,500.0
636,89.0
6108,59.0
1933,65.0
4283,475.0
5810,75.0
6214,53.0
4999,650.0
2821,115.0
1087,230.0
3870,120.0
3339,245.0
4715,170.0
5139,172.0
3092,160.0
3214,120.0
6232,650.0
4858,75.0
6179,224.0
6304,170.0
974,115.0
5193,234.0
1283,129.0
5439,275.0
2842,84.0
5766,94.0
6772,200.0
6383,63.0
1815,75.0
122,30.0
6264,150.0
1536,450.0
2621,135.0
3689,145.0
4317,95.0
5938,229.0
2411,300.0
6580,123.0
4111,250.0
2009,200.0
3494,199.0
3423,69.0
5150,325.0
6496,80.0
452,140.0
441,295.0
614,260.0
6719,200.0
6226,250.0
3842,75.0
4403,170.0
3927,143.0
428,175.0
551,250.0
2173,186.0
6696,200.0
5978,209.0
310,90.0
1634,60.0
3980,73.0
1179,159.0
5141,55.0
1949,115.0
5084,300.0
5624,200.0
4615,68.0
5933,48.0
4365,219.0
4750,75.0
6852,111.0
6249,150.0
3572,695.0
2657,119.0
1267,425.0
1459,99.0
964,398.0
362,139.0
6644,100.0
6488,750.0
4396,80.0
343,43.0
5186,172.0
1704,200.0
3738,595.0
6756,350.0
2455,99.0
3379,197.0
4018,96.0
4760,79.0
2525,124.0
1284,200.0
1048,169.0
2702,70.0
1072,185.0
960,130.0
2767,96.0
5450,283.0
326,285.0
973,200.0
860,55.0
884,105.0
1066,125.0
6116,145.0
2847,199.0
1971,150.0
1748,350.0
6771,110.0
1250,160.0
1392,110.0
6393,75.0
5590,85.0
4069,40.0
3579,300.0
1552,99.0
2877,78.0
422,79.0
4574,460.0
5159,55.0
5361,450.0
5792,299.0
370,121.0
5877,500.0
7119,300.0
5801,85.0
2000,173.0
4841,325.0
6082,272.0
5562,150.0
316,125.0
3730,125.0
6339,164.0
2001,295.0
920,150.0
6205,450.0
6455,204.0
2538,149.0
1868,60.0
6875,47.0
674,275.0
6879,85.0
3967,233.0
4920,110.0
2415,110.0
2439,300.0
3442,75.0
2289,275.0
4468,114.0
882,115.0
822,175.0
6524,143.0
3132,68.0
3612,139.0
2649,275.0
3479,36.0
4114,125.0
4272,150.0
4534,425.0
3044,135.0
5298,185.0
2263,225.0
417,395.0
576,85.0
4405,55.0
4029,200.0
4166,250.0
3804,60.0
6345,160.0
1236,300.0
895,197.0
396,250.0
1661,95.0
6954,180.0
5452,400.0
6237,100.0
4894,189.0
475,35.0
2759,131.0
6976,333.0
4311,250.0
4884,63.0
1595,1000.0
7093,1599.0
5168,104.0
6144,487.0
2705,148.0
1512,139.0
3691,108.0
4800,79.0
21,125.0
2530,159.0
3591,110.0
1806,99.0
3814,225.0
6268,150.0
5889,100.0
2052,350.0
3047,225.0
6891,65.0
4013,180.0
6523,250.0
1088,350.0
4843,160.0
5453,925.0
1158,100.0
5398,150.0
5356,170.0
5798,118.0
3324,200.0
3595,79.0
6240,83.0
2612,118.0
1662,200.0
4682,264.0
6055,299.0
2109,220.0
6105,650.0
5586,145.0
2154,119.0
5783,125.0
3273,120.0
6895,40.0
3601,299.0
402,235.0
1749,160.0
5153,149.0
2398,120.0
4751,250.0
842,110.0
3185,299.0
6424,326.0
4754,75.0
3315,53.0
3421,579.0
4551,165.0
1068,188.0
4296,79.0
2927,180.0
3640,350.0
3082,118.0
4369,150.0
6727,750.0
924,125.0
2408,149.0
2532,141.0
4326,230.0
6628,199.0
3364,123.0
1580,180.0
1898,189.0
825,418.0
1861,109.0
700,250.0
231,299.0
2482,120.0
1613,80.0
6448,215.0
3424,69.0
6639,85.0
7,135.0
5523,417.0
3187,250.0
2592,120.0
934,300.0
371,95.0
5101,100.0
3882,67.0
899,375.0
3791,275.0
5106,140.0
4717,225.0
4496,325.0
5481,125.0
4197,109.0
193,195.0
5037,299.0
1826,59.0
4608,290.0
1696,275.0
4699,150.0
5005,130.0
6998,50.0
3248,189.0
2130,110.0
4904,93.0
6847,175.0
3159,59.0
6224,137.0
746,250.0
1339,135.0
1720,115.0
5019,150.0
4372,150.0
522,150.0
2221,550.0
4379,280.0
303,148.0
487,30.0
3299,350.0
1130,130.0
6569,150.0
1129,210.0
171,30.0
2643,97.0
197,45.0
6327,150.0
6803,62.0
2675,336.0
5471,700.0
3003,350.0
221,250.0
5391,350.0
5736,349.0
5109,350.0
3041,119.0
87,40.0
3516,110.0
3655,192.0
5325,250.0
6602,100.0
4749,110.0
4009,50.0
6834,187.0
5754,60.0
745,145.0
2480,150.0
2141,55.0
2967,110.0
1888,38.0
4215,87.0
5185,70.0
1781,240.0
2371,180.0
3134,209.0
1134,145.0
3415,225.0
2023,59.0
5400,190.0
2864,480.0
5822,215.0
1689,255.0
5742,142.0
4653,120.0
448,124.0
2268,125.0
1996,450.0
836,225.0
6547,200.0
57,125.0
3036,259.0
1609,215.0
3651,350.0
7049,220.0
2769,235.0
5568,191.0
263,95.0
4055,450.0
525,68.0
6213,200.0
2996,130.0
3875,65.0
4483,93.0
6467,80.0
3896,325.0
6280,200.0
4306,46.0
3524,239.0
6849,91.0
6865,165.0
5554,186.0
1708,200.0
5806,500.0
5285,78.0
5365,72.0
3219,157.0
5896,95.0
3735,65.0
4120,69.0
6965,199.0
6063,450.0
5543,499.0
2650,115.0
5407,125.0
928,145.0
3523,50.0
7108,139.0
5024,150.0
4745,85.0
538,210.0
253,160.0
1423,60.0
3370,120.0
393,350.0
2,65.0
7003,150.0
2073,176.0
816,60.0
2629,220.0
5213,800.0
6000,220.0
2765,189.0
2787,88.0
476,289.0
599,950.0
4397,82.0
3937,450.0
1151,140.0
4297,185.0
3171,249.0
3349,116.0
3113,110.0
2163,189.0
6945,147.0
5377,199.0
195,99.0
4795,79.0
1986,180.0
3394,97.0
4178,88.0
1581,140.0
7130,102.0
6894,199.0
4099,69.0
2333,86.0
1215,115.0
3789,79.0
4587,295.0
5730,149.0
3728,230.0
1763,270.0
4194,319.0
1625,200.0
5016,200.0
6651,300.0
4327,447.0
6565,50.0
5882,199.0
5950,300.0
2045,211.0
292,109.0
6003,1249.0
3823,275.0
6494,140.0
1200,141.0
5947,149.0
2978,310.0
2461,109.0
6194,200.0
432,119.0
2700,45.0
2483,135.0
650,500.0
1471,100.0
2119,103.0
2554,110.0
4729,250.0
3133,131.0
6536,164.0
5674,100.0
5860,150.0
3286,156.0
6726,264.0
1840,53.0
1670,125.0
2556,220.0
4833,164.0
6089,99.0
5715,145.0
5564,250.0
2229,100.0
3498,125.0
239,100.0
2049,39.0
3318,298.0
6040,99.0
3793,225.0
6114,309.0
2921,75.0
4177,130.0
5741,400.0
3906,78.0
644,345.0
3258,40.0
3126,299.0
3830,99.0
4890,175.0
4141,119.0
5,255.0
5828,190.0
3686,170.0
334,110.0
7071,170.0
6846,80.0
1079,100.0
494,135.0
1585,199.0
4366,500.0
4028,80.0
4778,79.0
4190,100.0
4043,100.0
1454,107.0
6537,157.0
4437,290.0
6827,650.0
2288,85.0
4021,195.0
3993,100.0
1977,100.0
2761,245.0
4553,89.0
312,199.0
240,90.0
3885,162.0
3259,270.0
4299,85.0
2176,180.0
735,295.0
3593,189.0
7019,310.0
4374,77.0
1849,449.0
6290,147.0
3687,315.0
3220,175.0
5224,65.0
4503,160.0
1510,148.0
4006,40.0
4953,80.0
4466,160.0
5479,130.0
2669,100.0
3972,209.0
2777,135.0
3390,150.0
6896,40.0
3499,299.0
304,160.0
5597,400.0
4713,176.0
364,99.0
528,101.0
5921,600.0
3769,145.0
4493,183.0
1036,650.0
3684,55.0
613,85.0
4279,142.0
3373,139.0
5958,207.0
1502,140.0
6968,40.0
515,225.0
5393,233.0
2858,259.0
6934,250.0
3941,250.0
6451,163.0
5387,101.0
4598,115.0
6940,249.0
5117,149.0
4945,90.0
301,425.0
2550,79.0
1257,224.0
4375,95.0
2926,120.0
2249,99.0
3227,157.0
3346,114.0
1023,112.0
1730,200.0
1478,126.0
2252,95.0
4966,49.0
956,170.0
3045,220.0
4025,80.0
741,185.0
6707,64.0
6515,199.0
771,89.0
6567,197.0
4295,300.0
1499,75.0
5841,229.0
1731,250.0
631,143.0
5324,130.0
5242,180.0
2253,120.0
1719,139.0
2311,210.0
6353,147.0
1199,150.0
639,390.0
5026,299.0
2922,295.0
4626,147.0
165,138.0
3635,450.0
5960,100.0
5025,260.0
530,115.0
6867,135.0
7105,275.0
848,75.0
286,124.0
4512,229.0
2668,160.0
7110,48.0
5176,156.0
3099,350.0
4541,109.0
6582,200.0
1702,240.0
1470,85.0
1772,300.0
2026,299.0
1534,185.0
1911,128.0
6725,90.0
2826,400.0
5939,229.0
1077,295.0
5314,125.0
1615,109.0
676,125.0
3145,399.0
5922,150.0
1821,69.0
7101,140.0
6033,100.0
4848,160.0
3114,800.0
5811,215.0
355,200.0
2316,400.0
573,117.0
4291,695.0
1248,425.0
3383,199.0
1306,109.0
2491,350.0
5657,1200.0
4302,400.0
2495,1040.0
2867,69.0
5171,275.0
1305,77.0
2896,110.0
832,285.0
6243,40.0
2213,286.0
539,140.0
1211,125.0
4072,110.0
6922,250.0
893,600.0
6983,65.0
6890,120.0
4954,225.0
1054,140.0
3625,334.0
2296,275.0
6963,130.0
1056,140.0
6158,60.0
3770,150.0
3964,135.0
945,140.0
1813,232.0
4260,154.0
3372,59.0
3488,200.0
3230,147.0
297,110.0
3766,149.0
3855,149.0
5256,143.0
4271,232.0
4126,195.0
1572,129.0
346,119.0
1747,74.0
5531,845.0
1966,148.0
5045,100.0
3487,275.0
4395,197.0
4730,369.0
4727,180.0
1566,288.0
3004,79.0
4533,349.0
3626,175.0
4906,90.0
993,99.0
1501,125.0
451,139.0
4238,225.0
2997,210.0
1914,1025.0
4189,225.0
7027,145.0
4091,99.0
480,175.0
3839,450.0
5444,300.0
6765,170.0
5241,950.0
5100,200.0
2802,80.0
4377,88.0
473,70.0
4926,205.0
1951,220.0
2182,170.0
5781,750.0
3809,180.0
5319,69.0
3107,119.0
5296,375.0
3112,149.0
2339,179.0
4038,87.0
724,89.0
350,125.0
765,120.0
5432,300.0
188,45.0
5192,85.0
4813,97.0
4554,98.0
2654,85.0
3831,158.0
6180,217.0
3761,300.0
660,295.0
6068,99.0
4514,229.0
3144,225.0
4431,120.0
4051,60.0
1855,130.0
733,250.0
4510,95.0
1592,125.0
3500,400.0
5851,140.0
1620,205.0
6319,150.0
6248,97.0
4265,45.0
2806,99.0
5727,225.0
984,220.0
6462,206.0
484,249.0
6328,177.0
1602,150.0
6558,100.0
234,160.0
5142,150.0
1835,200.0
807,418.0
424,379.0
6346,147.0
5500,194.0
4035,195.0
3753,250.0
1604,300.0
1632,79.0
2470,89.0
4151,125.0
5830,185.0
4620,60.0
2565,280.0
4796,79.0
3460,700.0
85,80.0
4065,180.0
7066,185.0
6514,2000.0
6358,167.0
4706,200.0
3973,136.0
1617,209.0
2084,501.0
1102,97.0
6627,199.0
2430,245.0
83,216.0
5220,700.0
4063,795.0
4116,265.0
6512,50.0
1368,75.0
2188,1285.0
3832,110.0
6396,105.0
4791,79.0
89,108.0
82,95.0
7031,307.0
5861,56.0
3841,335.0
2132,187.0
6273,150.0
61,119.0
3507,750.0
907,195.0
2054,130.0
6588,84.0
1864,119.0
5507,350.0
1518,175.0
4414,99.0
5756,295.0
6080,79.0
4755,150.0
901,149.0
1347,199.0
4888,75.0
4656,87.0
5818,80.0
4644,120.0
3845,84.0
108,90.0
2596,390.0
4619,211.0
5729,100.0
6562,130.0
3438,140.0
3481,200.0
2707,79.0
4670,4500.0
6023,130.0
5692,175.0
1479,89.0
3873,250.0
6676,219.0
2730,121.0
4677,333.0
3771,135.0
3865,325.0
527,400.0
5540,148.0
3109,140.0
6972,189.0
2193,55.0
3021,260.0
2030,60.0
1192,200.0
1496,125.0
6491,297.0
5151,50.0
581,255.0
6608,170.0
4674,300.0
5575,125.0
655,430.0
6574,150.0
998,306.0
5532,125.0
5700,250.0
1382,150.0
1843,89.0
4112,102.0
4909,299.0
1218,96.0
2529,135.0
648,129.0
6257,85.0
6164,365.0
1816,79.0
2987,108.0
5001,275.0
1251,675.0
1413,249.0
6545,200.0
4523,160.0
6816,125.0
6551,200.0
3300,99.0
2574,1600.0
4950,1600.0
4660,165.0
4037,280.0
1859,240.0
1144,210.0
6093,143.0
3272,100.0
4883,75.0
1554,55.0
3182,595.0
4248,69.0
1658,600.0
4627,140.0
3921,220.0
4877,172.0
327,220.0
3000,77.0
2096,95.0
911,137.0
127,580.0
43,83.0
5869,145.0
7096,206.0
2293,150.0
5121,139.0
5437,150.0
5054,140.0
1404,120.0
4322,225.0
2544,140.0
3542,85.0
290,128.0
470,130.0
1548,150.0
6869,50.0
6106,125.0
11,139.0
1741,75.0
2500,700.0
3490,115.0
1467,265.0
2027,139.0
1677,146.0
853,80.0
3120,239.0
5982,100.0
5359,159.0
4609,115.0
2110,110.0
5850,175.0
3926,90.0
6609,140.0
594,340.0
2645,79.0
6461,302.0
2897,295.0
6739,500.0
875,100.0
7078,150.0
5002,275.0
3764,199.0
1314,85.0
4110,185.0
4652,140.0
692,145.0
5367,53.0
6812,95.0
4612,260.0
6862,123.0
2908,150.0
3754,147.0
4467,95.0
4350,350.0
5017,555.0
477,135.0
1264,73.0
5636,125.0
4974,150.0
3676,125.0
5893,500.0
6077,35.0
5690,153.0
4481,95.0
861,299.0
2191,100.0
1612,120.0
731,199.0
6534,157.0
643,505.0
2248,88.0
7139,125.0
6244,79.0
6662,195.0
1522,89.0
611,290.0
159,155.0
926,47.0
4568,85.0
805,115.0
4019,100.0
4462,79.0
5039,250.0
3638,258.0
6733,69.0
764,180.0
3320,150.0
3880,62.0
5154,150.0
2031,99.0
5670,100.0
4398,100.0
52,150.0
1254,229.0
6518,160.0
2215,125.0
755,395.0
6054,59.0
1477,450.0
520,185.0
3954,220.0
5638,129.0
2190,122.0
155,110.0
4378,68.0
5946,149.0
488,55.0
183,162.0
4066,70.0
3584,235.0
3382,75.0
6578,250.0
656,180.0
3166,130.0
2040,105.0
679,152.0
3090,135.0
269,672.0
808,373.0
384,201.0
5689,190.0
4539,180.0
529,890.0
6457,229.0
6452,232.0
1725,250.0
986,155.0
5534,150.0
3476,70.0
1799,128.0
392,130.0
7011,105.0
5476,68.0
1711,129.0
2414,139.0
5114,150.0
6750,140.0
4232,400.0
6653,229.0
3989,59.0
3998,250.0
5863,189.0
1955,63.0
4803,79.0
5102,133.0
6124,100.0
5053,182.0
1293,495.0
4628,249.0
788,61.0
995,136.0
716,189.0
835,150.0
5840,229.0
1439,109.0
1315,129.0
4756,150.0
1296,60.0
6893,69.0
5358,35.0
4373,150.0
7114,46.0
6211,68.0
1127,140.0
351,195.0
282,106.0
4924,177.0
5244,150.0
5258,88.0
2540,126.0
3946,85.0
3469,50.0
1635,75.0
6643,163.0
2250,195.0
220,575.0
1028,105.0
5997,119.0
1133,141.0
6397,350.0
3960,150.0
22,65.0
2479,197.0
2161,90.0
3569,169.0
111,115.0
455,160.0
160,225.0
1733,149.0
4922,350.0
236,170.0
820,215.0
1701,400.0
4210,75.0
3782,85.0
6119,800.0
1466,224.0
4709,75.0
6498,499.0
3711,345.0
1601,400.0
3325,100.0
5127,169.0
5456,52.0
1463,439.0
1012,99.0
2578,115.0
2743,150.0
4781,275.0
1519,183.0
4336,250.0
6399,30.0
272,250.0
493,168.0
3202,700.0
1155,600.0
5852,549.0
6806,140.0
71,200.0
2429,300.0
149,179.0
2936,109.0
5000,199.0
6417,175.0
44,159.0
3395,70.0
102,135.0
2149,400.0
1828,125.0
1342,80.0
3403,140.0
5124,50.0
90,30.0
5465,50.0
3847,70.0
5257,143.0
6758,199.0
6605,200.0
556,90.0
3672,120.0
2690,400.0
4351,199.0
2160,134.0
359,129.0
4955,80.0
5464,125.0
4838,67.0
5140,400.0
7144,105.0
1189,119.0
6978,132.0
4412,75.0
4314,185.0
5970,120.0
398,85.0
3079,259.0
3491,125.0
2749,475.0
4942,899.0
5360,600.0
4805,82.0
2360,235.0
6433,177.0
6241,180.0
737,170.0
6697,350.0
4008,50.0
3555,80.0
2862,79.0
3515,170.0
1206,250.0
6317,200.0
1739,124.0
4616,115.0
1042,235.0
2010,185.0
732,179.0
1320,1200.0
5637,125.0
1990,269.0
4100,90.0
2595,165.0
5974,219.0
6824,135.0
4218,2450.0
1324,170.0
2696,45.0
4549,125.0
6641,233.0
2968,125.0
3313,50.0
2451,200.0
3375,130.0
5195,300.0
323,170.0
5695,115.0
347,140.0
429,139.0
2726,390.0
977,350.0
5722,85.0
2823,80.0
4676,333.0
3001,8000.0
851,995.0
1726,224.0
719,60.0
5273,110.0
3208,295.0
2018,272.0
3848,89.0
3947,185.0
6405,180.0
2121,200.0
5451,283.0
2332,195.0
504,205.0
2257,91.0
4807,85.0
7017,175.0
3510,200.0
713,150.0
4355,195.0
2453,180.0
4949,480.0
6471,264.0
5627,122.0
293,200.0
1040,198.0
969,137.0
1686,450.0
1354,104.0
5655,80.0
1740,399.0
5876,147.0
3197,750.0
1041,105.0
2225,110.0
3235,165.0
4102,179.0
7087,110.0
940,105.0
261,270.0
3774,89.0
2698,45.0
5392,127.0
4325,105.0
1136,145.0
4034,239.0
5516,64.0
5078,300.0
729,265.0
5366,40.0
3629,150.0
759,145.0
4424,100.0
3904,700.0
2618,325.0
5402,120.0
2816,117.0
1830,250.0
5895,999.0
6313,164.0
4276,69.0
3862,95.0
5092,275.0
6406,110.0
6657,100.0
6134,85.0
2563,105.0
4962,200.0
6371,160.0
2662,50.0
4636,86.0
1161,750.0
827,133.0
3404,110.0
6682,75.0
5047,280.0
1959,450.0
1642,1252.0
1249,150.0
2270,199.0
6863,123.0
226,145.0
6990,188.0
1863,750.0
2789,300.0
4247,189.0
3763,450.0
6938,185.0
6052,45.0
3409,132.0
7021,215.0
4792,79.0
75,150.0
5588,125.0
5343,172.0
5044,125.0
401,699.0
6900,217.0
4501,200.0
1235,850.0
3217,70.0
4867,86.0
3936,400.0
1196,195.0
3945,68.0
471,79.0
3992,125.0
6334,150.0
6064,159.0
2511,120.0
2616,110.0
1492,125.0
708,199.0
1149,200.0
773,169.0
3721,225.0
5897,165.0
2615,108.0
4344,86.0
3061,213.0
4053,468.0
3843,165.0
3506,98.0
6769,800.0
1171,97.0
1628,250.0
2372,125.0
6912,40.0
6365,150.0
2567,110.0
2039,142.0
5003,300.0
7037,225.0
1166,600.0
2384,250.0
5676,249.0
540,99.0
3312,97.0
3759,150.0
2664,67.0
3097,109.0
5521,300.0
4497,208.0
4058,225.0
3032,70.0
3056,150.0
107,250.0
2458,149.0
6006,250.0
5486,100.0
2516,159.0
6160,45.0
6607,31.0
1159,129.0
2522,250.0
6926,150.0
4849,351.0
5403,100.0
3367,119.0
753,235.0
6478,400.0
6099,29.0
1255,86.0
318,205.0
352,450.0
5188,150.0
6191,200.0
2356,100.0
5067,65.0
1699,999.0
4252,140.0
1505,109.0
6563,150.0
26,180.0
897,130.0
7124,41.0
2146,545.0
5845,113.0
1805,70.0
5371,121.0
6442,256.0
1495,115.0
3851,150.0
6094,175.0
2004,180.0
2771,600.0
430,300.0
5200,350.0
5566,4500.0
1773,375.0
3168,125.0
3344,125.0
3846,200.0
2100,110.0
1777,190.0
1919,262.0
6778,185.0
4165,159.0
6831,72.0
5023,325.0
249,170.0
76,100.0
6570,150.0
3189,125.0
6871,500.0
2710,110.0
3440,50.0
4338,58.0
2560,115.0
6374,147.0
6020,200.0
852,250.0
6660,189.0
3975,135.0
6212,259.0
2894,169.0
7075,180.0
6839,185.0
2988,199.0
2107,110.0
167,182.0
3552,499.0
5373,60.0
1792,399.0
3434,1195.0
3141,80.0
779,200.0
4390,65.0
63,99.0
426,153.0
93,80.0
1101,180.0
5835,280.0
1846,1000.0
5331,300.0
153,185.0
6189,100.0
1244,200.0
158,135.0
919,95.0
180,75.0
5353,300.0
212,250.0
4438,210.0
5556,129.0
5316,250.0
3866,151.0
3342,115.0
1485,105.0
4433,99.0
1646,109.0
2503,225.0
4576,129.0
518,199.0
4144,500.0
86,46.0
4861,224.0
1183,125.0
446,675.0
1848,129.0
6874,504.0
2989,159.0
2810,172.0
1776,110.0
6982,450.0
4857,52.0
1081,220.0
2835,85.0
4012,155.0
3639,332.0
6919,150.0
6141,53.0
6076,500.0
6173,529.0
1798,400.0
7050,71.0
152,69.0
143,56.0
467,180.0
1335,110.0
6603,169.0
5546,250.0
2504,205.0
627,60.0
3285,80.0
5198,174.0
1143,105.0
571,259.0
5520,358.0
913,133.0
2401,115.0
7030,204.0
3074,80.0
3650,350.0
5928,199.0
3195,125.0
6989,199.0
3007,80.0
2463,85.0
5581,243.0
5892,250.0
260,115.0
7076,199.0
4852,137.0
6057,225.0
5191,90.0
930,195.0
4423,120.0
3583,189.0
7036,125.0
2972,250.0
6315,150.0
5328,250.0
5901,500.0
5731,350.0
2676,179.0
1788,1100.0
5425,225.0
5605,160.0
6061,190.0
1313,175.0
3849,89.0
2331,500.0
3710,140.0
855,300.0
6546,200.0
1800,195.0
2008,162.0
2960,150.0
2551,185.0
7133,1200.0
1878,229.0
4738,180.0
3288,159.0
5390,125.0
4562,79.0
4559,138.0
123,125.0
5483,70.0
728,85.0
4645,71.0
972,219.0
2836,300.0
2838,199.0
6086,159.0
5293,250.0
2520,141.0
1745,485.0
4363,299.0
3306,400.0
783,200.0
3707,200.0
5804,244.0
435,395.0
4411,595.0
1923,125.0
3316,238.0
689,47.0
1078,99.0
2489,100.0
535,210.0
1397,225.0
2407,150.0
782,166.0
5679,105.0
580,95.0
4599,65.0
1231,133.0
547,181.0
3377,120.0
3706,220.0
2235,189.0
4779,79.0
2889,500.0
664,200.0
6430,252.0
5401,260.0
6695,110.0
5714,667.0
2205,125.0
1118,250.0
3890,220.0
550,297.0
3257,120.0
2364,98.0
1812,60.0
3697,125.0
2888,40.0
6071,249.0
3911,206.0
2245,185.0
2228,550.0
1369,199.0
864,175.0
5941,125.0
4586,86.0
3472,220.0
4817,1450.0
4214,60.0
4820,140.0
3284,109.0
5333,69.0
1059,299.0
3917,70.0
2180,99.0
486,145.0
2168,145.0
2751,750.0
5819,95.0
2729,549.0
3223,350.0
4519,102.0
5399,600.0
5749,175.0
3971,100.0
6008,450.0
6307,170.0
1465,64.0
1194,155.0
6510,109.0
6971,139.0
2873,100.0
3559,240.0
1084,210.0
6856,424.0
2533,1350.0
6933,71.0
5713,150.0
536,99.0
5355,177.0
1820,195.0
4473,135.0
5775,200.0
5795,57.0
2646,179.0
3609,140.0
6785,50.0
4150,85.0
1362,175.0
5916,150.0
4143,90.0
1787,710.0
5169,112.0
4380,35.0
6028,38.0
5152,549.0
3008,149.0
1683,688.0
3228,157.0
2403,175.0
5975,269.0
891,69.0
1462,180.0
1506,156.0
2164,299.0
1487,300.0
6380,177.0
3981,99.0
431,520.0
2900,99.0
1098,189.0
2513,120.0
1809,225.0
4457,85.0
1223,100.0
5505,150.0
4451,93.0
2486,155.0
4119,147.0
6666,699.0
4903,325.0
2882,125.0
268,70.0
157,40.0
6489,80.0
5512,90.0
4854,85.0
2395,300.0
3276,40.0
4045,90.0
5457,90.0
880,95.0
602,149.0
717,141.0
5688,195.0
2949,119.0
2336,155.0
2467,43.0
1568,350.0
98,120.0
1537,50.0
5278,150.0
6056,42.0
1157,125.0
2128,110.0
7086,88.0
6479,355.0
6884,475.0
5405,110.0
2155,124.0
6115,250.0
5823,75.0
7104,150.0
6017,150.0
2410,90.0
2239,105.0
5668,142.0
2817,155.0
564,49.0
590,595.0
48,170.0
5237,78.0
3561,375.0
4571,233.0
2869,80.0
4456,167.0
5090,210.0
6400,140.0
3963,99.0
5272,74.0
2097,110.0
1338,220.0
3058,110.0
2267,139.0
5709,365.0
7107,350.0
533,130.0
3715,73.0
4046,99.0
4157,48.0
1165,1500.0
6892,35.0
4597,180.0
517,545.0
2319,215.0
3140,450.0
6130,36.0
5283,349.0
4464,229.0
5445,135.0
4060,400.0
2818,118.0
5757,89.0
3603,65.0
4546,500.0
3531,100.0
6441,196.0
647,89.0
340,125.0
2581,131.0
845,390.0
3183,249.0
5894,180.0
2880,140.0
5163,129.0
4692,135.0
5098,200.0
7090,1599.0
3270,295.0
3853,40.0
1975,100.0
3436,100.0
5753,130.0
3501,76.0
38,155.0
3940,120.0
3924,188.0
1530,50.0
7103,50.0
3496,100.0
2683,399.0
734,167.0
4753,120.0
997,125.0
5146,190.0
1728,84.0
5843,218.0
150,75.0
4765,79.0
4292,100.0
908,160.0
6520,64.0
4972,177.0
1965,390.0
2103,246.0
6873,139.0
4145,125.0
6899,55.0
1207,79.0
5292,300.0
23,100.0
1875,280.0
5029,80.0
1675,699.0
5007,70.0
4947,59.0
2672,345.0
1641,1300.0
2438,1099.0
1622,89.0
871,150.0
5646,150.0
4312,390.0
6693,81.0
3898,140.0
321,120.0
1771,350.0
624,99.0
5536,89.0
4376,75.0
6146,675.0
6066,90.0
4465,300.0
3647,350.0
5008,150.0
5302,140.0
4217,77.0
3445,250.0
3376,90.0
4938,65.0
214,133.0
6826,131.0
996,169.0
7024,265.0
4919,140.0
2775,90.0
6278,164.0
6453,202.0
4107,150.0
287,30.0
7059,82.0
3278,150.0
3632,850.0
3811,85.0
4004,70.0
3900,90.0
1991,220.0
4081,320.0
3736,77.0
5973,100.0
267,200.0
553,135.0
2446,185.0
5740,85.0
5083,299.0
4675,333.0
2363,480.0
5066,130.0
3218,132.0
2117,169.0
6858,110.0
3925,100.0
2982,158.0
5173,182.0
6629,750.0
3178,274.0
2065,250.0
4542,80.0
7136,321.0
1309,225.0
6678,229.0
784,169.0
4621,81.0
4923,399.0
6250,99.0
2307,140.0
790,290.0
6686,975.0
3075,115.0
4978,96.0
1980,225.0
5202,655.0
4458,100.0
1416,175.0
2752,175.0
4714,60.0
6121,157.0
1009,325.0
3242,70.0
3205,99.0
2095,175.0
6677,239.0
3818,65.0
3480,150.0
4382,100.0
4639,235.0
2706,160.0
1007,90.0
2208,110.0
5844,218.0
6034,119.0
5693,110.0
6716,1200.0
1266,199.0
1930,199.0
1791,150.0
6049,235.0
3463,209.0
1184,200.0
5408,129.0
161,220.0
2127,110.0
1299,120.0
1038,170.0
4633,60.0
6655,229.0
2930,92.0
4937,199.0
3250,90.0
333,260.0
4049,200.0
2094,109.0
2144,120.0
516,79.0
2609,101.0
4052,54.0
2605,99.0
6668,150.0
910,225.0
1124,87.0
1976,329.0
1021,200.0
2413,120.0
3932,320.0
2781,299.0
6568,306.0
2412,587.0
139,150.0
6238,400.0
3062,580.0
532,245.0
4159,204.0
1851,110.0
4590,119.0
3693,299.0
4912,172.0
9,177.0
1948,95.0
4667,150.0
2723,115.0
332,350.0
4417,78.0
1220,150.0
3170,85.0
271,102.0
5080,300.0
6652,229.0
2680,500.0
3867,250.0
3386,80.0
5495,88.0
4106,125.0
4331,140.0
4648,350.0
6258,96.0
6619,50.0
4577,69.0
2863,750.0
5431,118.0
2087,220.0
2350,160.0
4958,160.0
6373,50.0
5919,256.0
2717,175.0
526,175.0
3891,348.0
4718,130.0
1288,450.0
1825,150.0
4693,74.0
856,131.0
557,325.0
1405,400.0
5035,200.0
6201,200.0
5384,125.0
1020,279.0
5236,140.0
511,500.0
5671,500.0
1886,210.0
6857,170.0
5986,275.0
3856,190.0
1148,125.0
3790,150.0
2431,300.0
3492,103.0
2515,108.0
4868,105.0
1743,80.0
496,138.0
637,79.0
1331,249.0
3581,56.0
6855,339.0
1648,199.0
1181,189.0
6841,140.0
5443,95.0
1769,94.0
6035,99.0
4915,179.0
510,269.0
2061,150.0
4030,143.0
456,250.0
1808,83.0
5601,270.0
756,130.0
4371,47.0
1065,122.0
1265,141.0
4550,100.0
1819,245.0
691,155.0
2839,59.0
5591,75.0
3589,140.0
5990,150.0
3633,200.0
501,218.0
6227,150.0
2652,155.0
6674,99.0
1508,145.0
210,138.0
5763,66.0
6036,320.0
736,100.0
7034,267.0
3393,97.0
382,175.0
6672,125.0
5434,250.0
2841,200.0
4022,127.0
4163,98.0
7116,55.0
903,575.0
2974,63.0
1334,110.0
5999,150.0
3532,100.0
2691,350.0
3156,75.0
2033,175.0
219,110.0
6354,147.0
4582,99.0
2659,150.0
1106,180.0
1882,82.0
1624,425.0
6722,95.0
944,175.0
4702,100.0
3511,192.0
507,175.0
3778,65.0
2697,45.0
3987,100.0
2346,175.0
3534,155.0
5181,70.0
1114,180.0
5179,130.0
3544,400.0
6410,230.0
3388,245.0
3585,105.0
3401,329.0
5831,549.0
6760,335.0
6438,197.0
6830,219.0
2035,200.0
5603,200.0
2632,169.0
227,475.0
2271,140.0
6694,115.0
3400,99.0
6221,100.0
3767,89.0
1000,177.0
1093,222.0
3768,329.0
5183,150.0
2426,265.0
6889,67.0
1718,370.0
3103,180.0
578,111.0
1687,350.0
3717,546.0
1633,250.0
6475,177.0
1410,116.0
1083,185.0
4266,300.0
6148,1099.0
5748,246.0
6781,900.0
69,55.0
1925,145.0
1029,215.0
2559,425.0
923,130.0
2663,110.0
5592,150.0
2745,110.0
329,269.0
1922,155.0
4315,350.0
4560,50.0
156,135.0
1323,220.0
2608,75.0
3537,295.0
6196,120.0
6272,150.0
3429,152.0
6542,160.0
4683,95.0
3644,350.0
406,85.0
4342,78.0
2755,39.0
3720,200.0
3808,105.0
4588,195.0
1782,252.0
1814,170.0
2952,160.0
629,75.0
349,1195.0
6787,159.0
3484,300.0
5077,235.0
4328,249.0
1256,180.0
3527,65.0
5725,158.0
1647,96.0
6589,78.0
5248,164.0
2381,59.0
3169,205.0
4980,120.0
4278,142.0
3162,295.0
1780,243.0
2939,105.0
361,93.0
6207,235.0
2447,238.0
1412,290.0
4435,258.0
5721,175.0
6395,250.0
3009,128.0
2227,40.0
114,59.0
710,142.0
3038,129.0
2934,149.0
3970,119.0
5702,280.0
5199,350.0
1768,105.0
3252,100.0
2300,90.0
5038,450.0
6447,273.0
1651,400.0
898,119.0
4557,485.0
1424,70.0
865,124.0
4538,329.0
5809,215.0
2913,159.0
6435,215.0
4811,120.0
1174,150.0
4768,79.0
1435,139.0
354,103.0
915,69.0
6554,200.0
3188,449.0
5382,800.0
5918,218.0
5579,120.0
699,99.0
2297,70.0
2043,148.0
3422,210.0
5509,900.0
1011,150.0
6777,47.0
2721,125.0
6253,175.0
6363,147.0
5626,122.0
2656,68.0
2159,155.0
4244,88.0
6516,100.0
6618,50.0
5979,209.0
6062,105.0
6908,140.0
763,395.0
6343,194.0
6730,750.0
1941,275.0
5583,520.0
1893,99.0
6167,230.0
1292,165.0
3172,118.0
358,405.0
4087,125.0
5908,500.0
5485,160.0
2340,600.0
4421,95.0
4129,185.0
4425,124.0
2783,45.0
6256,165.0
1386,360.0
4925,150.0
6222,173.0
2156,249.0
4461,670.0
2298,168.0
3714,65.0
2884,86.0
4802,79.0
2795,895.0
726,125.0
3457,150.0
5550,199.0
4146,149.0
2804,250.0
5989,150.0
3042,120.0
4866,143.0
673,845.0
5920,86.0
752,150.0
3405,140.0
3137,169.0
5388,207.0
5538,100.0
4886,60.0
6456,281.0
802,155.0
3994,150.0
387,95.0
3598,200.0
3277,200.0
6559,899.0
652,325.0
6731,160.0
7015,119.0
1152,275.0
4701,52.0
601,98.0
1016,120.0
2334,195.0
4726,98.0
2315,133.0
6591,115.0
951,399.0
126,75.0
967,103.0
6689,114.0
3444,150.0
1603,170.0
665,1800.0
5887,145.0
3933,250.0
3520,200.0
1438,99.0
1332,249.0
2570,90.0
5129,100.0
6091,220.0
4298,150.0
2829,299.0
2048,150.0
4812,80.0
1866,125.0
6459,277.0
758,199.0
14,79.0
3280,40.0
5226,930.0
813,180.0
3502,76.0
796,340.0
2242,64.0
5814,135.0
6768,85.0
7040,50.0
5260,250.0
4339,184.0
6151,300.0
5964,229.0
6404,180.0
3101,400.0
5755,140.0
5717,85.0
7057,199.0
5212,160.0
5992,49.0
6761,275.0
8,265.0
4406,207.0
5891,150.0
6112,150.0
3549,123.0
2357,127.0
6759,156.0
6870,375.0
2732,200.0
3576,59.0
5926,275.0
3426,40.0
2785,162.0
3948,149.0
990,185.0
6683,58.0
4133,40.0
6838,185.0
5612,149.0
6,139.0
4853,146.0
4685,85.0
5073,230.0
3274,150.0
4307,157.0
176,245.0
6770,50.0
2044,249.0
6128,350.0
2290,500.0
104,75.0
5207,225.0
5351,270.0
4898,75.0
2543,99.0
3649,171.0
2792,140.0
404,280.0
2770,181.0
4684,85.0
2625,45.0
1488,85.0
7132,400.0
1419,300.0
3102,209.0
6344,177.0
4079,147.0
2368,110.0
3857,65.0
2029,450.0
6137,162.0
4290,90.0
5551,199.0
2549,140.0
1035,69.0
3116,45.0
6881,100.0
1850,300.0
6021,175.0
2954,250.0
1688,98.0
5499,140.0
6013,250.0
65,200.0
3978,85.0
6774,529.0
3368,150.0
4976,105.0
232,30.0
2912,150.0
1095,300.0
4383,349.0
41,100.0
2198,180.0
7038,98.0
6684,166.0
6140,199.0
1515,215.0
6181,360.0
1732,250.0
2833,225.0
4333,127.0
2374,125.0
1586,159.0
1437,169.0
6925,55.0
3529,190.0
3380,85.0
5944,120.0
3745,80.0
6953,257.0
3138,500.0
6484,200.0
6659,160.0
59,120.0
1767,99.0
3669,150.0
1403,180.0
6638,90.0
5097,149.0
4352,82.0
5413,225.0
6078,69.0
833,145.0
751,119.0
1329,120.0
6685,159.0
6973,135.0
3199,60.0
3142,58.0
6625,1200.0
615,850.0
6138,125.0
1388,95.0
5587,184.0
3033,475.0
4027,260.0
5651,95.0
4696,650.0
66,115.0
5969,1000.0
6090,99.0
2875,365.0
2874,300.0
1727,349.0
4452,150.0
6390,69.0
5552,192.0
6526,65.0
6044,115.0
5068,400.0
3453,140.0
4697,575.0
2041,150.0
4440,140.0
1464,150.0
3139,60.0
6595,38.0
6897,55.0
3508,69.0
308,125.0
730,345.0
5645,245.0
6414,181.0
2527,125.0
769,220.0
2022,250.0
4387,75.0
3013,300.0
1729,210.0
4814,97.0
3365,247.0
4637,99.0
6337,200.0
216,325.0
5312,300.0
6200,156.0
2738,190.0
633,250.0
173,84.0
3396,70.0
389,975.0
5774,155.0
6776,121.0
2134,185.0
400,199.0
4301,250.0
2474,100.0
1027,265.0
3471,500.0
4832,98.0
1697,225.0
3636,150.0
5362,185.0
356,95.0
5514,129.0
1312,9000.0
2945,85.0
3493,200.0
1050,199.0
3096,248.0
6423,33.0
5223,137.0
3545,95.0
2294,65.0
200,135.0
5428,111.0
6152,135.0
1486,38.0
2397,267.0
4872,69.0
7109,440.0
1431,300.0
2202,80.0
1865,400.0
4367,399.0
6349,147.0
7098,250.0
2251,499.0
1611,135.0
2648,125.0
2502,170.0
372,500.0
806,85.0
7089,199.0
6022,106.0
2728,600.0
3620,250.0
5778,48.0
600,500.0
1674,150.0
3854,280.0
5652,1040.0
3439,100.0
1616,140.0
5230,300.0
5672,139.0
4581,230.0
5710,140.0
1003,143.0
5370,89.0
3850,140.0
5352,150.0
6046,400.0
6710,165.0
394,100.0
695,67.0
3355,160.0
6027,95.0
1872,95.0
6486,339.0
3018,750.0
3361,89.0
3425,69.0
1407,38.0
5634,125.0
5723,45.0
3059,150.0
5544,99.0
2861,85.0
4358,97.0
7020,215.0
4891,70.0
6669,299.0
6318,147.0
5056,172.0
3795,75.0
3582,250.0
3152,129.0
3991,99.0
3359,87.0
1973,100.0
1984,129.0
5177,139.0
1712,116.0
4195,752.0
3387,233.0
1692,125.0
3143,130.0
3028,64.0
3027,180.0
4661,500.0
7060,120.0
6267,147.0
5962,110.0
5411,235.0
36,199.0
4921,177.0
4219,100.0
5911,180.0
6620,73.0
365,69.0
284,80.0
4583,100.0
4391,70.0
6275,140.0
1981,59.0
2303,200.0
6888,599.0
568,311.0
5768,275.0
345,105.0
5560,550.0
5945,300.0
2165,229.0
1422,199.0
2016,190.0
4694,350.0
917,228.0
3618,450.0
4262,45.0
3568,120.0
2260,129.0
5240,100.0
4936,123.0
2320,125.0
5211,225.0
5683,225.0
3704,219.0
6495,50.0
2506,289.0
3797,200.0
4635,50.0
4790,79.0
1514,90.0
6048,120.0
3525,121.0
4871,69.0
4313,400.0
3330,100.0
1823,190.0
4875,69.0
1185,450.0
2736,269.0
6260,200.0
5204,169.0
5827,229.0
1567,214.0
174,165.0
5867,145.0
2468,250.0
1995,69.0
1532,67.0
2487,45.0
5707,201.0
1639,500.0
4873,69.0
4388,65.0
2507,135.0
4130,78.0
542,210.0
1564,89.0
2304,150.0
2418,100.0
80,125.0
4074,58.0
7081,59.0
3695,99.0
6911,199.0
4592,3050.0
4824,350.0
2493,59.0
3470,100.0
5578,95.0
2020,100.0
2981,190.0
1681,90.0
1262,95.0
4086,350.0
6051,152.0
3698,99.0
3543,80.0
7051,199.0
1960,175.0
1046,88.0
2594,140.0
3215,59.0
6811,180.0
3962,99.0
281,289.0
70,187.0
4567,74.0
1359,69.0
1654,233.0
4741,55.0
3389,125.0
2757,49.0
962,279.0
2383,135.0
1517,130.0
1655,375.0
6266,177.0
2588,78.0
5227,160.0
4478,79.0
6948,190.0
2932,58.0
4335,133.0
3958,90.0
6437,232.0
1005,220.0
5549,241.0
3939,300.0
5440,250.0
4881,76.0
6228,44.0
3732,195.0
6182,223.0
4426,170.0
1786,170.0
5263,195.0
2457,125.0
1710,89.0
217,89.0
1555,59.0
4744,105.0
5576,300.0
47,126.0
7140,148.0
6009,85.0
4241,140.0
3661,75.0
3378,109.0
4384,249.0
3105,125.0
6301,157.0
1348,195.0
4655,100.0
3816,135.0
5501,175.0
58,78.0
1938,170.0
4892,75.0
4463,66.0
4316,150.0
3556,100.0
5021,150.0
146,275.0
3295,120.0
4543,87.0
4179,600.0
6533,175.0
243,315.0
3596,425.0
5585,300.0
2291,334.0
5510,65.0
7028,199.0
1076,240.0
5735,100.0
3410,150.0
6271,167.0
5868,105.0
3356,165.0
181,110.0
794,150.0
6673,48.0
4671,56.0
3340,56.0
2938,75.0
3968,280.0
1131,120.0
519,85.0
6477,133.0
3526,163.0
5281,45.0
4399,100.0
1105,350.0
4212,80.0
6924,600.0
785,218.0
2135,150.0
211,115.0
5246,250.0
6649,120.0
666,216.0
7067,399.0
3263,233.0
1481,83.0
2053,115.0
2473,150.0
5780,199.0
2359,395.0
1810,158.0
5332,300.0
5858,49.0
7128,145.0
116,450.0
1867,95.0
2508,650.0
5363,135.0
620,300.0
6647,264.0
991,375.0
5737,250.0
3025,70.0
6715,1200.0
6979,65.0
5569,700.0
711,700.0
2452,165.0
4525,225.0
1476,145.0
378,79.0
6763,50.0
4613,160.0
2920,181.0
419,145.0
5902,38.0
2025,358.0
583,2281.0
6935,445.0
2492,146.0
7041,50.0
1944,269.0
2857,120.0
2737,145.0
4479,78.0
757,100.0
985,89.0
4984,159.0
2800,250.0
5119,60.0
1551,33.0
6208,250.0
1653,300.0
306,105.0
481,200.0
2837,99.0
5923,125.0
6220,425.0
6927,249.0
2899,199.0
4544,140.0
1043,130.0
651,175.0
6511,65.0
812,290.0
1964,400.0
1529,575.0
5866,156.0
1074,99.0
3147,285.0
3801,200.0
608,138.0
4264,45.0
3910,225.0
2959,50.0
2088,135.0
6381,177.0
39,119.0
2798,925.0
4121,73.0
1779,159.0
1943,74.0
4827,80.0
5883,33.0
6698,125.0
1626,200.0
5410,160.0
3983,100.0
1770,199.0
2865,269.0
6575,139.0
5162,100.0
509,141.0
3418,75.0
2424,70.0
2462,100.0
2222,250.0
4630,87.0
3311,90.0
2373,250.0
3802,99.0
5610,113.0
6797,10000.0
3643,130.0
1570,400.0
715,274.0
3211,50.0
414,35.0
1436,150.0
2993,200.0
2162,229.0
3127,62.0
1827,88.0
4589,54.0
5824,450.0
789,139.0
1376,155.0
6573,135.0
5996,59.0
3353,200.0
890,297.0
169,30.0
2545,69.0
6176,1499.0
3934,275.0
4808,99.0
1356,100.0
5012,189.0
2851,118.0
3115,107.0
2572,130.0
3087,195.0
6079,340.0
2573,148.0
2518,250.0
1432,175.0
2385,155.0
566,399.0
4137,125.0
5665,450.0
4518,315.0
3251,700.0
3221,135.0
3071,99.0
5988,175.0
2673,67.0
6072,239.0
4148,131.0
2302,70.0
3600,355.0
3741,60.0
3819,100.0
4740,100.0
2113,95.0
4933,75.0
5252,172.0
6392,55.0
4494,350.0
2024,301.0
4879,125.0
6866,135.0
283,132.0
591,180.0
4561,135.0
1273,230.0
5813,215.0
3110,250.0
3402,100.0
6550,200.0
6941,217.0
5295,249.0
1141,295.0
3840,65.0
4521,118.0
3483,60.0
3949,78.0
4506,80.0
1714,545.0
632,99.0
1890,210.0
6312,164.0
6854,122.0
6544,200.0
552,135.0
6828,85.0
3727,100.0
4293,87.0
5136,480.0
6825,115.0
4940,175.0
4083,225.0
6269,150.0
4036,129.0
1876,179.0
5239,79.0
3653,389.0
1618,209.0
3213,45.0
5414,95.0
5122,50.0
3347,115.0
6717,165.0
4698,500.0
1629,75.0
4482,200.0
2620,425.0
3093,39.0
2034,410.0
6131,850.0
4900,75.0
492,300.0
1417,99.0
2744,179.0
4436,75.0
6861,123.0
2983,89.0
4261,150.0
2050,224.0
1210,375.0
4580,85.0
4517,95.0
3450,116.0
154,80.0
4687,95.0
2390,99.0
4474,90.0
6427,219.0
2172,90.0
1051,290.0
6648,50.0
5466,150.0
6153,150.0
6429,224.0
6914,107.0
3966,89.0
2459,189.0
1573,135.0
1596,141.0
6171,200.0
2885,250.0
4345,209.0
4733,100.0
2580,139.0
3562,164.0
4439,200.0
465,59.0
4056,40.0
4669,55.0
4118,90.0
4855,52.0
3829,200.0
51,91.0
4931,595.0
3858,40.0
2892,109.0
6292,157.0
6032,140.0
1186,75.0
3046,145.0
2557,148.0
1140,90.0
2617,110.0
5812,172.0
4448,500.0
4789,79.0
3872,150.0
163,90.0
3752,135.0
4103,249.0
3965,90.0
5547,200.0
5906,150.0
513,193.0
5291,120.0
247,295.0
2678,200.0
235,159.0
5113,149.0
5455,450.0
949,220.0
5888,365.0
2586,175.0
1870,115.0
5164,325.0
6851,93.0
3266,240.0
5833,175.0
4804,90.0
6775,132.0
5354,72.0
2811,200.0
1108,90.0
1246,250.0
2919,240.0
3458,125.0
2582,82.0
1542,250.0
3269,82.0
1784,178.0
888,132.0
6029,125.0
2454,199.0
1132,95.0
4728,65.0
2933,689.0
5194,300.0
3805,70.0
3893,300.0
2189,100.0
6285,160.0
1756,138.0
4911,250.0
1090,169.0
5041,39.0
2720,73.0
2979,215.0
5785,378.0
2231,105.0
610,90.0
2928,275.0
3161,125.0
5770,250.0
2366,140.0
3834,300.0
1214,104.0
2409,75.0
1075,425.0
6970,230.0
94,100.0
7134,84.0
4705,100.0
5375,450.0
4429,125.0
6623,150.0
6583,92.0
4965,599.0
2716,140.0
5416,179.0
508,111.0
331,200.0
447,399.0
7074,81.0
5070,250.0
4874,69.0
1044,150.0
3922,182.0
2292,217.0
653,50.0
4442,210.0
4222,110.0
2895,95.0
3512,335.0
3953,485.0
1018,80.0
5069,120.0
6997,299.0
1358,66.0
1520,200.0
2598,140.0
483,104.0
3788,80.0
3671,147.0
262,85.0
3920,249.0
4614,260.0
5087,200.0
2868,355.0
2519,69.0
943,160.0
450,85.0
4152,100.0
1355,150.0
1924,140.0
1311,1850.0
3578,140.0
6019,293.0
4489,88.0
3554,120.0
7000,99.0
5744,300.0
675,95.0
823,160.0
2923,60.0
1443,62.0
6103,135.0
3454,110.0
1170,279.0
6217,80.0
479,699.0
6215,200.0
560,272.0
2911,224.0
2820,300.0
1212,500.0
4059,90.0
3153,196.0
5438,422.0
5965,500.0
2230,65.0
841,60.0
1569,85.0
2671,1395.0
6277,217.0
245,250.0
4136,275.0
4320,260.0
2343,279.0
662,115.0
1014,200.0
3702,160.0
285,125.0
5149,325.0
3264,109.0
2406,500.0
1989,180.0
6723,470.0
4200,149.0
4330,140.0
2742,150.0
2241,138.0
3608,300.0
4712,100.0
5144,182.0
1055,232.0
453,645.0
3204,289.0
6425,162.0
1940,110.0
2681,180.0
3876,40.0
1213,175.0
6236,100.0
1541,55.0
950,900.0
1582,185.0
4185,100.0
3692,400.0
3915,180.0
1310,209.0
5467,199.0
5619,500.0
5266,79.0
6732,150.0
3637,175.0
690,180.0
5857,90.0
4498,191.0
6836,283.0
4797,79.0
5631,125.0
6014,300.0
4017,330.0
2849,350.0
543,99.0
3751,147.0
3255,109.0
3787,250.0
4499,162.0
2244,180.0
3130,80.0
1929,599.0
1523,65.0
3613,35.0
2715,190.0
6289,200.0
2606,105.0
4956,99.0
3181,375.0
1895,140.0
2946,119.0
1753,339.0
67,116.0
3798,440.0
4641,699.0
4558,481.0
3563,59.0
4910,199.0
2901,185.0
5433,250.0
5341,172.0
233,279.0
4490,70.0
2236,1150.0
5914,250.0
4532,178.0
4259,139.0
5190,150.0
3247,85.0
1546,250.0
2562,260.0
775,99.0
1468,120.0
252,119.0
7033,223.0
2534,100.0
2379,300.0
792,29.0
6612,599.0
3868,175.0
4673,140.0
3459,100.0
747,250.0
678,200.0
4230,200.0
5686,99.0
4070,299.0
5685,150.0
4535,50.0
579,180.0
7026,243.0
5385,123.0
2850,175.0
2306,525.0
2505,215.0
2772,190.0
115,185.0
6513,79.0
1103,180.0
1841,132.0
4286,160.0
6177,146.0
1297,95.0
5462,65.0
1899,475.0
4642,71.0
6718,250.0
6135,122.0
2465,80.0
46,290.0
309,30.0
4973,150.0
4816,145.0
1282,130.0
1524,350.0
3775,50.0
5042,139.0
6920,80.0
3398,107.0
6299,147.0
4245,500.0
3260,85.0
407,450.0
3810,82.0
5435,250.0
5334,194.0
5480,200.0
4901,75.0
6310,147.0
4720,69.0
4703,248.0
4270,150.0
7002,73.0
330,550.0
2169,429.0
7064,387.0
1429,175.0
311,545.0
3129,60.0
5138,400.0
4836,80.0
1762,370.0
6359,147.0
6708,179.0
7079,75.0
17,450.0
4449,179.0
4353,85.0
6748,150.0
5760,90.0
1528,144.0
4155,450.0
4486,86.0
5287,325.0
1094,160.0
6111,217.0
2469,300.0
3617,140.0
859,450.0
12,85.0
5720,89.0
5773,170.0
2419,95.0
388,79.0
4515,115.0
6314,147.0
5033,905.0
5684,700.0
5662,125.0
6065,118.0
937,462.0
6385,139.0
2067,299.0
427,200.0
6837,66.0
1307,129.0
1373,550.0
4400,110.0
1377,125.0
5004,98.0
408,150.0
980,250.0
1441,150.0
3354,40.0
4183,199.0
4545,450.0
512,155.0
2157,309.0
4775,79.0
6372,164.0
1724,249.0
3648,350.0
3085,800.0
2445,94.0
4127,129.0
1891,220.0
3995,280.0
2148,170.0
932,450.0
4757,122.0
3232,65.0
6901,199.0
6005,110.0
6996,425.0
3742,450.0
2122,220.0
6944,19.0
5557,180.0
965,500.0
177,98.0
1856,249.0
4774,79.0
5653,1309.0
4917,199.0
4088,349.0
2089,95.0
3328,72.0
2819,225.0
6104,151.0
2814,160.0
5074,200.0
302,225.0
1869,75.0
2139,55.0
3254,149.0
1621,125.0
4117,100.0
5201,79.0
6403,180.0
6590,175.0
6807,150.0
4594,500.0
6966,130.0
1391,175.0
634,120.0
1958,260.0
3837,280.0
2145,188.0
4201,1451.0
5020,200.0
1037,275.0
4708,86.0
3357,40.0
7121,199.0
5611,415.0
7018,280.0
1983,119.0
881,160.0
6388,375.0
2891,540.0
4224,79.0
6754,68.0
5953,60.0
5699,100.0
5786,350.0
1096,179.0
2712,490.0
4094,1495.0
2501,140.0
5816,450.0
6282,164.0
6808,71.0
5115,170.0
1845,50.0
5821,100.0
4273,100.0
1917,595.0
5345,79.0
203,139.0
6746,160.0
6361,157.0
5461,200.0
1126,109.0
5225,39.0
3760,109.0
4385,86.0
4255,100.0
6813,61.0
5028,189.0
3243,160.0
3065,49.0
2115,550.0
5228,78.0
3521,80.0
1997,700.0
6336,150.0
3861,39.0
3645,350.0
1414,100.0
4724,150.0
800,179.0
4764,79.0
2021,129.0
706,135.0
2014,170.0
3744,250.0
1039,120.0
5279,89.0
3646,350.0
5249,239.0
4975,289.0
4939,275.0
3385,124.0
4762,79.0
251,595.0
5079,200.0
1545,118.0
6073,94.0
5788,136.0
2651,209.0
905,100.0
1897,92.0
5289,84.0
3703,68.0
544,115.0
1913,475.0
506,435.0
6917,100.0
3881,214.0
6209,75.0
1907,230.0
4287,110.0
1652,140.0
2105,175.0
4801,79.0
5320,69.0
672,210.0
3037,129.0
1682,229.0
6145,160.0
1860,140.0
2701,95.0
2704,140.0
867,100.0
348,79.0
847,79.0
5187,86.0
7111,235.0
5539,40.0
6060,149.0
138,500.0
325,100.0
4649,425.0
53,120.0
5313,350.0
6552,200.0
5374,34.0
4348,125.0
6391,80.0
2686,75.0
2375,110.0
1433,99.0
2147,269.0
2376,259.0
2393,300.0
1538,50.0
999,889.0
5513,115.0
314,195.0
1163,375.0
7065,199.0
4823,149.0
3332,67.0
3447,70.0
6646,129.0
6294,147.0
2980,260.0
5669,74.0
1579,80.0
6571,33.0
2886,39.0
182,78.0
2422,680.0
5905,99.0
5130,585.0
6819,349.0
4885,255.0
4453,79.0
941,105.0
4268,210.0
2421,30.0
3641,100.0
2535,95.0
2844,80.0
2276,110.0
3417,140.0
4509,350.0
593,500.0
469,325.0
4821,185.0
4887,100.0
6951,220.0
2369,99.0
6416,33.0
2396,159.0
3739,100.0
3468,250.0
2273,85.0
5743,80.0
2955,48.0
6011,200.0
164,150.0
1484,169.0
6745,380.0
4346,135.0
5180,130.0
4734,235.0
4495,350.0
4897,75.0
1968,140.0
5961,75.0
6584,80.0
4124,80.0
4737,480.0
3293,150.0
5022,95.0
7143,249.0
6445,360.0
1060,180.0
4547,265.0
2427,155.0
2762,235.0
2174,53.0
2226,144.0
3419,65.0
1931,150.0
1824,93.0
3663,200.0
6872,200.0
3329,40.0
4475,120.0
4631,79.0
1761,80.0
1574,260.0
5936,500.0
4447,250.0
4389,50.0
6047,600.0
5264,267.0
1115,293.0
6302,207.0
3070,125.0
3662,800.0
6235,220.0
1227,206.0
4186,125.0
5055,172.0
3206,499.0
2571,249.0
0,170.0
1645,640.0
3497,49.0
682,155.0
6357,170.0
381,249.0
1491,38.0
5468,120.0
4041,140.0
5347,300.0
4722,166.0
5011,180.0
704,185.0
6262,164.0
618,395.0
6098,387.0
1644,206.0
1509,775.0
5517,185.0
4415,99.0
223,300.0
6592,90.0
4309,131.0
572,525.0
3592,399.0
77,150.0
6270,164.0
1024,185.0
5508,125.0
439,120.0
6120,300.0
2684,110.0
3505,150.0
342,449.0
5128,179.0
474,105.0
3623,40.0
2345,253.0
2593,150.0
2591,600.0
6744,85.0
3886,105.0
2642,95.0
1858,300.0
2860,1200.0
490,785.0
6469,198.0
3680,98.0
6286,164.0
373,63.0
2442,450.0
5027,325.0
6016,99.0
685,145.0
7035,204.0
254,190.0
6218,400.0
1,235.0
7008,265.0
1874,99.0
6500,199.0
2456,95.0
1222,194.0
3731,108.0
295,140.0
709,89.0
2059,95.0
4736,120.0
6519,180.0
5963,229.0
5429,110.0
3495,130.0
2329,80.0
5832,230.0
2994,58.0
6665,120.0
5934,40.0
2970,225.0
2666,115.0
2196,50.0
6188,800.0
6975,323.0
1942,170.0
1351,333.0
5606,750.0
5697,230.0
189,135.0
3594,125.0
6401,140.0
1372,158.0
1295,90.0
2485,165.0
555,53.0
5935,1500.0
1110,150.0
1188,129.0
5987,225.0
3719,164.0
5216,140.0
3627,193.0
4793,79.0
1217,170.0
5981,139.0
3827,75.0
987,130.0
4422,130.0
2047,129.0
5275,300.0
1707,139.0
5650,180.0
667,200.0
4969,171.0
2423,115.0
56,116.0
3694,234.0
1053,89.0
2528,245.0
3034,125.0
5598,256.0
3420,113.0
4093,298.0
703,160.0
2768,235.0
3557,100.0
16,215.0
5530,130.0
6297,170.0
134,550.0
4097,125.0
437,450.0
3634,195.0
6930,900.0
6556,499.0
3758,218.0
444,152.0
2566,135.0
3239,240.0
2747,400.0
5441,390.0
4663,150.0
2256,80.0
1191,99.0
6075,500.0
7142,160.0
1086,245.0
425,322.0
3982,125.0
1113,180.0
274,150.0
6252,188.0
1180,360.0
5561,580.0
3666,45.0
2523,335.0
5794,190.0
3064,69.0
3624,135.0
1535,200.0
3817,120.0
5103,129.0
6999,265.0
2695,300.0
3835,90.0
5250,1075.0
7120,250.0
5339,700.0
3895,400.0
6190,126.0
870,350.0
5593,85.0
5233,177.0
4961,199.0
767,125.0
1953,145.0
6909,133.0
2237,1500.0
1204,350.0
4275,59.0
6943,88.0
1121,145.0
5874,145.0
2902,150.0
1961,400.0
6860,79.0
3473,145.0
3776,122.0
863,156.0
5043,400.0
2722,138.0
5712,195.0
4441,60.0
6332,167.0
1274,189.0
1319,275.0
3708,85.0
50,85.0
6184,110.0
5064,120.0
4216,80.0
6616,50.0
1316,155.0
74,109.0
1967,180.0
5488,200.0
1216,133.0
4092,360.0
843,128.0
2338,715.0
2740,88.0
5976,219.0
1285,150.0
1994,255.0
478,189.0
3461,350.0
4665,114.0
5666,220.0
4170,343.0
5306,263.0
574,300.0
1456,100.0
5899,75.0
3668,140.0
5131,550.0
5885,135.0
4076,150.0
5971,160.0
2365,99.0
5059,189.0
654,120.0
5116,100.0
3806,85.0
6234,200.0
3740,290.0
1233,80.0
2309,220.0
5299,55.0
4007,40.0
4997,400.0
3718,203.0
2561,145.0
3384,355.0
440,120.0
983,139.0
1880,92.0
3448,128.0
205,75.0
6977,47.0
3360,175.0
2104,129.0
3756,199.0
1408,38.0
4596,200.0
6959,199.0
6157,175.0
531,250.0
3722,145.0
4837,500.0
6737,300.0
979,149.0
5430,149.0
589,70.0
2285,130.0
1904,145.0
1450,195.0
1173,120.0
605,120.0
1785,1000.0
175,92.0
6740,172.0
5309,200.0
5879,100.0
1480,83.0
6296,164.0
3482,32.0
412,150.0
1390,140.0
1341,250.0
7088,1000.0
2077,425.0
3743,102.0
6470,200.0
3630,140.0
6974,240.0
3371,275.0
78,85.0
2907,39.0
4188,90.0
4444,61.0
3824,188.0
6531,90.0
264,500.0
4979,350.0
4394,70.0
1598,139.0
2322,107.0
4360,72.0
6882,100.0
6415,50.0
5719,215.0
6631,150.0
1178,53.0
6193,175.0
2070,165.0
5658,1200.0
3786,175.0
6632,164.0
4977,115.0
2386,275.0
5526,200.0
5378,113.0
2275,160.0
6129,100.0
1340,140.0
6251,150.0
5484,275.0
6931,138.0
5776,100.0
3237,500.0
2640,250.0
4220,179.0
5644,85.0
6174,1200.0
10,194.0
5724,160.0
438,115.0
1366,40.0
971,88.0
4806,90.0
2460,300.0
1482,200.0
7083,225.0
669,89.0
2914,100.0
5288,75.0
2893,46.0
4221,86.0
2305,340.0
6736,699.0
6840,100.0
1926,700.0
1337,140.0
3587,225.0
6107,100.0
3076,97.0
5155,123.0
4294,400.0
628,53.0
409,110.0
6822,278.0
5836,75.0
5759,60.0
1198,250.0
2636,85.0
3667,125.0
2679,145.0
1201,217.0
5395,283.0
5330,250.0
4109,85.0
760,150.0
3106,99.0
5940,250.0
3610,83.0
4752,425.0
4078,119.0
4632,82.0
5063,400.0
6634,115.0
5761,109.0
5758,60.0
1600,150.0
2211,135.0
5231,45.0
3416,375.0
1593,300.0
1458,301.0
4578,80.0
5340,45.0
6431,232.0
2178,251.0
3111,199.0
2281,90.0
693,159.0
5088,300.0
6169,199.0
6216,150.0
6428,228.0
5635,125.0
1578,178.0
2060,90.0
5567,450.0
6802,60.0
4657,249.0
2984,105.0
6352,160.0
2351,1500.0
5696,575.0
2613,199.0
5629,95.0
3930,164.0
3716,200.0
3063,80.0
6002,70.0
4907,700.0
1370,280.0
4249,170.0
5424,197.0
6936,129.0
42,108.0
1240,99.0
1418,110.0
878,99.0
6045,349.0
6783,109.0
1483,38.0
3779,169.0
2471,160.0
4455,523.0
55,175.0
879,165.0
1318,155.0
2633,165.0
4122,240.0
4776,79.0
1238,119.0
1513,160.0
135,102.0
5630,125.0
2258,65.0
2828,99.0
5473,216.0
6864,125.0
6199,91.0
5096,139.0
1862,120.0
3928,150.0
6360,150.0
3231,70.0
5160,8000.0
3956,445.0
4492,120.0
1498,325.0
4149,160.0
6389,55.0
6928,57.0
2941,123.0
178,78.0
2788,80.0
4603,67.0
7115,57.0
3212,200.0
300,89.0
5648,426.0
3275,88.0
1663,100.0
6905,140.0
1001,89.0
3261,499.0
4174,125.0
3590,149.0
5091,279.0
4822,169.0
228,300.0
818,155.0
5493,99.0
988,280.0
29,195.0
1657,99.0
561,115.0
3464,165.0
6946,250.0
225,210.0
4101,265.0
5323,90.0
4089,200.0
4540,425.0
3443,150.0
4128,73.0
3010,129.0
5061,150.0
5777,62.0
4989,215.0
668,130.0
2943,225.0
6306,170.0
3006,185.0
5454,115.0
5502,365.0
6587,28.0
3539,40.0
5492,149.0
151,149.0
1802,219.0
4318,250.0
6493,51.0
702,500.0
5762,276.0
7092,189.0
1444,59.0
2950,78.0
3517,95.0
854,157.0
1832,179.0
2881,225.0
3294,40.0
5682,450.0
6561,55.0
5621,155.0
4209,350.0
6192,104.0
2337,140.0
5196,135.0
206,89.0
5497,200.0
1147,225.0
5917,79.0
3136,495.0
5506,270.0
3297,250.0
3238,133.0
4985,172.0
7112,670.0
4995,79.0
4928,300.0
1245,300.0
4084,95.0
3852,57.0
2731,100.0
6195,292.0
3333,241.0
2665,90.0
5337,350.0
1982,200.0
869,80.0
1659,200.0
3233,199.0
4769,79.0
3050,349.0
6572,110.0
2677,105.0
5470,120.0
3397,107.0
5772,72.0
3078,92.0
3985,140.0
1138,450.0
2694,450.0
4235,264.0
4585,92.0
5009,250.0
5711,152.0
5767,325.0
6309,200.0
5994,56.0
7058,100.0
4908,199.0
4310,75.0
6039,105.0
6585,50.0
3369,185.0
2179,299.0
4410,140.0
2186,100.0
2639,69.0
6877,165.0
416,500.0
5125,50.0
2086,150.0
4054,129.0
3986,275.0
6197,120.0
2754,255.0
136,1200.0
4842,150.0
1474,124.0
1122,900.0
4889,75.0
4131,45.0
25,95.0
657,130.0
3942,80.0
5498,200.0
449,400.0
3432,100.0
3296,50.0
3124,160.0
1401,299.0
3282,160.0
1258,225.0
6446,215.0
4847,235.0
1270,99.0
7091,189.0
1449,38.0
6517,50.0
1052,200.0
2825,275.0
2437,155.0
3990,130.0
4340,180.0
6247,149.0
276,169.0
2441,900.0
2158,279.0
588,80.0
2207,200.0
970,175.0
6043,90.0
4850,650.0
3184,449.0
2708,99.0
4240,100.0
6483,220.0
6473,344.0
3334,195.0
1759,295.0
2181,445.0
3757,76.0
5419,300.0
4263,305.0
2272,499.0
3825,449.0
927,350.0
3226,59.0
3068,88.0
7100,195.0
24,155.0
4902,75.0
7013,40.0
443,250.0
5875,176.0
4246,250.0
6887,50.0
2142,33.0
754,148.0
2265,168.0
6525,198.0
1047,333.0
780,150.0
900,69.0
3035,3250.0
4960,265.0
1952,320.0
6436,260.0
2760,129.0
1197,99.0
100,43.0
1049,165.0
1627,79.0
6937,159.0
2831,188.0
3800,109.0
2443,110.0
1271,165.0
5854,108.0
6752,249.0
2748,121.0
5474,70.0
766,350.0
4846,195.0
5058,80.0
1889,400.0
3660,1080.0
3060,480.0
6386,549.0
168,136.0
73,99.0
2653,225.0
7113,48.0
2985,97.0
1883,250.0
4044,200.0
2166,310.0
5234,177.0
2568,150.0
992,113.0
6149,85.0
5595,199.0
6398,66.0
3216,150.0
1905,148.0
5189,600.0
3086,94.0
1384,120.0
6527,120.0
3441,250.0
1738,114.0
6709,165.0
1503,225.0
2564,230.0
1631,79.0
3724,78.0
2102,159.0
6611,170.0
266,549.0
1033,85.0
5925,75.0
2631,550.0
3586,69.0
2585,140.0
1844,79.0
7046,216.0
6203,85.0
6699,250.0
2214,275.0
144,395.0
4427,39.0
3959,299.0
6069,70.0
4343,175.0
4469,140.0
4476,175.0
2547,800.0
320,115.0
6335,150.0
4732,55.0
1587,135.0
5427,230.0
1584,199.0
3573,227.0
3699,115.0
2282,275.0
5310,200.0
4526,355.0
1010,295.0
3913,121.0
3024,60.0
3996,140.0
191,250.0
4783,189.0
1175,146.0
4531,80.0
4992,147.0
1690,173.0
6038,125.0
1280,189.0
5995,99.0
3350,170.0
5282,115.0
5112,129.0
2232,115.0
687,389.0
5661,145.0
638,99.0
569,65.0
3654,190.0
933,90.0
5503,120.0
1169,75.0
1360,150.0
4629,75.0
3287,225.0
3462,135.0
6610,150.0
1822,125.0
6413,171.0
2790,120.0
196,135.0
6577,142.0
5898,1000.0
4591,135.0
6735,59.0
5032,145.0
3089,220.0
3785,132.0
5075,76.0
2428,320.0
2075,99.0
5397,283.0
5909,65.0
5751,85.0
4491,339.0
6464,289.0
1705,99.0
147,115.0
797,141.0
1750,700.0
623,300.0
2286,134.0
4067,40.0
2028,2250.0
5105,249.0
5614,150.0
5006,249.0
5718,215.0
4991,164.0
1473,250.0
722,170.0
1361,160.0
106,40.0
4446,80.0
5643,250.0
4746,300.0
4485,225.0
3052,350.0
1472,250.0
1117,125.0
554,79.0
299,170.0
170,30.0
3326,99.0
3803,134.0
3674,175.0
1276,170.0
2354,99.0
3619,167.0
415,240.0
6594,55.0
4860,243.0
4524,90.0
4282,121.0
3053,199.0
3923,130.0
1839,38.0
2956,62.0
6010,200.0
2317,285.0
2915,117.0
5985,225.0
630,225.0
5046,280.0
162,75.0
413,67.0
1073,80.0
6239,159.0
6242,80.0
2017,129.0
5126,50.0
876,169.0
817,115.0
4918,169.0
2255,120.0
2734,219.0
872,135.0
4341,110.0
3683,100.0
229,190.0
906,85.0
2056,259.0
896,550.0
6331,147.0
5321,200.0
5849,145.0
6225,325.0
3871,165.0
2153,179.0
791,225.0
6333,150.0
1910,400.0
1327,139.0
2308,300.0
6288,164.0
2876,199.0
5747,211.0
698,129.0
6586,189.0
3083,65.0
3080,175.0
4986,159.0
6738,57.0
1717,185.0
2579,199.0
894,160.0
3020,90.0
3541,110.0
5247,138.0
5542,78.0
4153,50.0
1979,185.0
6018,100.0
1057,126.0
3309,82.0
3518,77.0
2330,195.0
3658,62.0
6506,127.0
6387,65.0
92,109.0
1234,595.0
6481,105.0
1013,219.0
5796,120.0
3863,128.0
947,99.0
1793,150.0
5205,140.0
190,989.0
6183,555.0
1531,80.0
6092,120.0
2682,181.0
6050,225.0
2812,109.0
3894,149.0
3588,130.0
4819,95.0
3176,135.0
2111,110.0
6377,177.0
4772,155.0
105,83.0
3413,186.0
2801,65.0
5817,1000.0
1963,85.0
4998,179.0
2301,85.0
5528,250.0
6566,50.0
774,185.0
1232,175.0
858,750.0
5524,90.0
6125,150.0
6223,60.0
5085,300.0
3154,400.0
4593,110.0
7072,199.0
5703,270.0
3430,140.0
6231,75.0
6085,110.0
4160,799.0
6749,199.0
5910,85.0
4370,135.0
725,88.0
1679,300.0
6692,120.0
5245,150.0
2201,358.0
6757,99.0
3943,165.0
1363,160.0
410,395.0
830,170.0
3781,75.0
912,100.0
6661,100.0
2092,144.0
390,500.0
6364,194.0
6284,147.0
5469,225.0
6501,222.0
4818,75.0
4357,60.0
4994,225.0
2243,750.0
6259,147.0
3123,80.0
3121,32.0
3957,275.0
718,157.0
3452,149.0
2440,199.0
3256,600.0
6163,37.0
6502,79.0
3108,60.0
3411,129.0
6994,90.0
3048,109.0
5031,90.0
6898,42.0
420,180.0
2197,82.0
4105,995.0
3877,40.0
3912,275.0
3117,80.0
1937,450.0
1119,59.0
4115,695.0
534,550.0
548,495.0
5680,290.0
298,70.0
3362,195.0
3729,85.0
2170,189.0
1385,1250.0
3207,194.0
3135,740.0
3899,109.0
6853,90.0
6980,85.0
6913,79.0
5771,1050.0
5487,36.0
4184,175.0
3158,114.0
5739,345.0
97,270.0
2099,119.0
6492,210.0
4605,89.0
2259,300.0
4799,79.0
1969,129.0
2794,143.0
1045,125.0
5602,235.0
939,120.0
5525,250.0
5904,78.0
6007,65.0
7070,49.0
607,41.0
7005,19.0
2526,148.0
2539,149.0
6985,139.0
1070,206.0
6508,69.0
296,190.0
49,85.0
5607,300.0
224,160.0
1774,270.0
1243,39.0
3279,130.0
1921,200.0
850,94.0
5881,128.0
6791,175.0
1225,325.0
4658,89.0
6766,245.0
2852,98.0
4700,525.0
3317,219.0
442,225.0
2472,100.0
5694,295.0
5120,149.0
2587,239.0
2815,80.0
6906,650.0
2916,199.0
6833,129.0
187,99.0
4502,110.0
5268,200.0
2799,160.0
3903,150.0
4075,166.0
7095,75.0
461,45.0
4766,79.0
6799,250.0
6929,66.0
3131,66.0
6053,50.0
714,165.0
5446,110.0
4520,100.0
6187,60.0
6805,122.0
635,57.0
4085,260.0
4624,130.0
2266,140.0
4040,156.0
4042,65.0
1765,150.0
6964,193.0
2347,106.0
5014,125.0
2903,199.0
5594,150.0
609,150.0
485,125.0
5574,125.0
1085,109.0
2129,89.0
5800,500.0
4420,81.0
3538,84.0
3128,69.0
19,110.0
6598,206.0
4934,150.0
6117,180.0
6902,38.0
1673,499.0
5436,250.0
6178,245.0
2856,95.0
1790,195.0
5708,650.0
7048,164.0
5618,150.0
4896,75.0
5675,355.0
96,95.0
3155,119.0
2494,220.0
4570,143.0
5884,450.0
366,400.0
5993,241.0
1721,91.0
3657,169.0
1909,114.0
6650,250.0
4856,47.0
918,120.0
1425,60.0
2807,55.0
4488,89.0
3565,98.0
5865,140.0
4602,90.0
4530,250.0
6792,100.0
2990,110.0
6143,155.0
5927,199.0
5681,162.0
3391,299.0
7129,50.0
4228,179.0
3122,151.0
3310,123.0
1588,128.0
3664,348.0
2498,288.0
31,110.0
6265,150.0
3283,80.0
1375,130.0
1326,123.0
3780,189.0
5208,225.0
1349,115.0
255,185.0
4988,130.0
3642,250.0
3622,180.0
6503,140.0
4147,216.0
4971,89.0
5034,150.0
6916,229.0
5222,137.0
5315,80.0
2727,187.0
6949,182.0
3700,122.0
124,125.0
6548,200.0
2778,214.0
2879,329.0
5167,395.0
2773,155.0
2635,330.0
6751,136.0
433,185.0
4770,79.0
3335,60.0
6504,127.0
1099,239.0
2514,120.0
6443,196.0
3606,170.0
5704,215.0
6637,63.0
2575,170.0
